link,style
https://www.webstaurantstore.com/uploads/buying_guide/2017/2/american-lager.jpg,American Lager
https://www.webstaurantstore.com/uploads/buying_guide/2017/2/german-helles.jpg,German Helles
https://www.webstaurantstore.com/uploads/buying_guide/2017/2/german-pilsner.jpg,German Pilsner
https://www.webstaurantstore.com/uploads/buying_guide/2017/2/czech-or-bohemian-pilsner.jpg,Czech or Bohemian Pilsner
https://www.webstaurantstore.com/uploads/buying_guide/2017/2/amber-american-lager.jpg,Amber American Lager
https://www.webstaurantstore.com/uploads/buying_guide/2017/2/oktoberfest.jpg,Oktoberfest
https://www.webstaurantstore.com/uploads/buying_guide/2017/2/german-schwarzbier.jpg,German Schwarzbier
https://www.webstaurantstore.com/uploads/buying_guide/2017/2/vienna-lager.jpg,Vienna Lager
https://www.webstaurantstore.com/uploads/buying_guide/2017/2/traditional-bock.jpg,Traditional Bock
https://www.webstaurantstore.com/uploads/buying_guide/2017/2/doppelbock.jpg,Doppelbock
https://www.webstaurantstore.com/uploads/buying_guide/2017/2/weizenbock.jpg,Weizenbock
https://www.webstaurantstore.com/uploads/buying_guide/2017/2/maibock.jpg,Maibock
https://www.webstaurantstore.com/uploads/buying_guide/2017/2/american-brown-ale.jpg,Â American Brown Ale
https://www.webstaurantstore.com/uploads/buying_guide/2017/2/english-brown-ale.jpg,English Brown Ale
https://www.webstaurantstore.com/uploads/buying_guide/2017/2/american-amber-ale.jpg,American Amber Ale
https://www.webstaurantstore.com/uploads/buying_guide/2017/2/american-pale-ale.jpg,American Pale Ale
https://www.webstaurantstore.com/uploads/buying_guide/2017/2/blonde-ale.jpg,Blonde Ale
https://www.webstaurantstore.com/uploads/buying_guide/2017/2/english-bitter.jpg,English Bitter
https://www.webstaurantstore.com/uploads/buying_guide/2017/2/english-pale-ale.jpg,English Pale Ale
https://www.webstaurantstore.com/uploads/buying_guide/2017/2/american-ipa.jpg,American IPA
https://www.webstaurantstore.com/uploads/buying_guide/2017/2/imperial-or-double-ipa.jpg,Imperial or Double IPA
https://www.webstaurantstore.com/uploads/buying_guide/2017/2/english-ipa.jpg,English IPA
https://www.webstaurantstore.com/uploads/buying_guide/2017/2/american-imperial-porter.jpg,American Imperial Porter
https://www.webstaurantstore.com/uploads/buying_guide/2017/2/english-brown-porter.jpg,English Brown Porter
https://www.webstaurantstore.com/uploads/buying_guide/2017/2/robust-porter.jpg,Robust Porter
https://www.webstaurantstore.com/uploads/buying_guide/2017/2/american-stout.jpg,American Stout
https://www.webstaurantstore.com/uploads/buying_guide/2017/2/american-imperial-stout.jpg,American Imperial Stout
https://www.webstaurantstore.com/uploads/buying_guide/2017/2/oatmeal-stout.jpg,Oatmeal Stout
https://www.webstaurantstore.com/uploads/buying_guide/2017/2/milk-stout.jpg,Milk Stout
https://www.webstaurantstore.com/uploads/buying_guide/2017/2/irish-dry-stout.jpg,Irish Dry Stout
https://www.webstaurantstore.com/uploads/buying_guide/2017/2/belgian-pale-ale.jpg,Belgian Pale Ale
https://www.webstaurantstore.com/uploads/buying_guide/2017/2/belgian-dubbel.jpg,Belgian Dubbel
https://www.webstaurantstore.com/uploads/buying_guide/2017/2/belgian-tripel.jpg,Belgian Tripel
https://www.webstaurantstore.com/uploads/buying_guide/2017/2/belgian-quadrupel.jpg,Belgian Quadrupel
https://www.webstaurantstore.com/uploads/buying_guide/2017/2/belgian-strong-dark-ale.jpg,Belgian Strong Dark Ale
https://www.webstaurantstore.com/uploads/buying_guide/2017/2/belgian-saison.jpg,Belgian Saison
https://www.webstaurantstore.com/uploads/buying_guide/2017/2/american-pale-wheat.jpg,American Pale Wheat 
https://www.webstaurantstore.com/uploads/buying_guide/2017/2/belgian-witbier.jpg,Belgian Witbier
https://www.webstaurantstore.com/uploads/buying_guide/2017/2/berliner-weisse.jpg,Berliner Weisse
https://www.webstaurantstore.com/uploads/buying_guide/2017/2/dunkleweizen.jpg,Dunkelweizen
https://www.webstaurantstore.com/uploads/buying_guide/2017/2/hefeweizen.jpg,Hefeweizen
https://www.webstaurantstore.com/uploads/buying_guide/2017/2/american-sour.jpg,American Sour
https://www.webstaurantstore.com/uploads/buying_guide/2017/2/belgian-fruit-lambic.jpg,Belgian Fruit Lambic
https://www.webstaurantstore.com/uploads/buying_guide/2017/2/flanders-red-ale.jpg,Flanders Red Ale
https://www.webstaurantstore.com/uploads/buying_guide/2017/2/belgian-gueuze.jpg,Belgian Gueuze
